Unnamed: 0,Name,Album,Artist,feeling,Expression
0,Sick Thoughts,Sick Thoughts,Lewis Blissett,angry,
1,Mo Bamba,MUDBOY,Sheck Wes,angry,
2,MONTERO (Call Me By Your Name),MONTERO (Call Me By Your Name),Lil Nas X,angry,
3,Foot Fungus,STOKELEY,Ski Mask The Slump God,angry,
4,Shhh (Pew Pew) - Slowed + Reverb,Shhh (Pew Pew) [Slowed + Reverb],Young Fanatic,angry,
5,Rasputin,Rasputin,Majestic,angry,
6,Astronaut In The Ocean,Astronaut In The Ocean,Masked Wolf,angry,
7,Whoopty,Whoopty,CJ,angry,
8,Streets,Hot Pink,Doja Cat,angry,
9,Goosebumps - Remix,Goosebumps (Remix),Travis Scott,angry,
10,Paparazzi,Paparazzi,Kim Dracula,angry,
11,hot girl bummer,hot girl bummer,blackbear,angry,
12,Runnin Low,Runnin Low,Kieran Alleyne,angry,
13,Моя голова винтом (My head is spinning like a screw),Моя голова винтом (My head is spinning like a screw),kostromin,angry,
14,Such a Whore (Stellular Remix),Such a Whore (Stellular Remix),JVLA,angry,
15,Such a Whore (Instrumental),Such a Whore (Instrumental),JVLA,angry,
16,Minimum - Umut Dogan Remix,Minimum (Umut Dogan Remix),Ямаджи,angry,
17,Минимум - The Sumo Remix,Минимум (Remix Pack),Ямаджи,angry,
18,Superlife,Superlife,Lox Chatterbox,angry,
19,Invincible,Meet The Woo 2,Pop Smoke,angry,
20,How She Walk,How She Walk,TheGrimLynn,angry,
21,Arabian Night,Arabian Night,Żwirek,angry,
22,Monster,Monster,Besomorph,angry,
23,PHONKY TOWN,PHONKY TOWN,PlayaPhonk,angry,
24,Goodbye (feat. Lyse) - Slow Version,Goodbye (feat. Lyse) [Slow Version],Feder,angry,
25,Blood // Water,Blood // Water,grandson,angry,
26,Fed Up,ANTI-ICON,Ghostemane,angry,
27,Kill Yourself (Part III),My Liver Will Handle What My Heart Can't,$uicideboy$,angry,
28,Venom - Music From The Motion Picture,Venom (Music From The Motion Picture),Eminem,angry,
29,The Electro Suite,The Amazing Spider-Man 2 (The Original Motion Picture Soundtrack) [Deluxe],Various Artists,angry,
0,Get You The Moon (feat. Snøw),Get You The Moon (feat. Snøw),Kina,disgusted,
1,Jocelyn Flores,17,XXXTENTACION,disgusted,
2,Someone You Loved,Divinely Uninspired To A Hellish Extent,Lewis Capaldi,disgusted,
3,how to live,how to live,yaeow,disgusted,
4,It's You,YOU,Ali Gatie,disgusted,
5,Loosing Interest,Passion & Confusion,Timmies,disgusted,
6,Tell Me Goodbye,Tell Me Goodbye,ORYL,disgusted,
7,Dead and Cold,Dead and Cold,ELIJAH MOON,disgusted,
8,Heather,Kid Krow,Conan Gray,disgusted,
9,Reckless,Reckless,Madison Beer,disgusted,
10,paradise,paradise,cliffe,disgusted,
11,Me Too,Me Too,April Jai,disgusted,
12,Six Feet Under,Six Feet Under,Billie Eilish,disgusted,
13,Circles,Hollywood's Bleeding,Post Malone,disgusted,
14,All Alone,All Alone,Sølace,disgusted,
15,Nobody Knows My Name,Nobody Knows My Name,DANIEL,disgusted,
16,Everybody Dies In Their Nightmares,17,XXXTENTACION,disgusted,
17,More to the Story,More to the Story,Kristina Nichol,disgusted,
18,talk with me (about it),talk with me (about it),Brvno,disgusted,
19,Heartbreak Anniversary,TAKE TIME,Giveon,disgusted,
20,i haven't let go,i haven't let go,RNAQ,disgusted,
21,idfc,deadroses,blackbear,disgusted,
22,Till Forever Falls Apart,Till Forever Falls Apart,Ashe,disgusted,
23,I Need You,I Need You,ORYL,disgusted,
24,Someone Like You,21,Adele,disgusted,
25,Train Wreck,Back from the Edge,James Arthur,disgusted,
26,When I'm Gone,When I'm Gone,Wikw,disgusted,
27,Goodbye,Goodbye,Rachel Lorin,disgusted,
28,bad ones,TOO YOUNG TO BE SAD,Tate McRae,disgusted,
29,Helluvaride,Helluvaride,Oceans Ahead,disgusted,
30,Arcade,Small Town Boy (Track By Track),Duncan Laurence,disgusted,
31,Therapy,Therapy,Tasty,disgusted,
32,r u ok,TOO YOUNG TO BE SAD,Tate McRae,disgusted,
33,Goddess Kinda Power - Acoustic Version,Goddess Kinda Power (Acoustic Version),Josefine,disgusted,
34,Horrors in the Dark,Horrors in the Dark,Sofi Gev,disgusted,
35,Like the Weather,Like the Weather,Hand Made House,disgusted,
36,Happier,÷ (Deluxe),Ed Sheeran,disgusted,
37,Get to Me,Get to Me,Emma Charles,disgusted,
38,Skin,Skin,Sabrina Carpenter,disgusted,
39,Self Destructive,Self Destructive,Julia Rizik,disgusted,
40,On The Low,On The Low,Wovy,disgusted,
41,7 Years,Lukas Graham,Lukas Graham,disgusted,
42,Oxygen,Welcome To Jupiter 1.0,Grace Gaustad,disgusted,
43,slower,slower,Tate McRae,disgusted,
44,What I Need,What I Need,ORYL,disgusted,
45,drivers license,drivers license,Olivia Rodrigo,disgusted,
46,Lonely (with benny blanco),Lonely (with benny blanco),Justin Bieber,disgusted,
47,Half A Man,A Place We Knew,Dean Lewis,disgusted,
48,1-800-273-8255,Everybody,Logic,disgusted,
49,Amen,Amen,John Adams,disgusted,
50,Let It Go,Chaos And The Calm,James Bay,disgusted,
51,lovely (with Khalid),lovely (with Khalid),Billie Eilish,disgusted,
52,changes,?,XXXTENTACION,disgusted,
53,"i hate u, i love u (feat. olivia o'brien)",us,gnash,disgusted,
54,Bruises,Divinely Uninspired To A Hellish Extent,Lewis Capaldi,disgusted,
55,when the party's over,"WHEN WE ALL FALL ASLEEP, WHERE DO WE GO?",Billie Eilish,disgusted,
56,Too Late For Sorries,Too Late For Sorries,Wovy,disgusted,
57,Dancing With A Stranger (With Normani) - Acoustic,Dancing With A Stranger (With Normani) [Acoustic],Sam Smith,disgusted,
58,You Belong To Somebody Else,You Belong To Somebody Else,PJ Harding,disgusted,
59,Lost Without You,Lost Without You,Freya Ridings,disgusted,
60,Sweater Weather,Sweater Weather,ORYL,disgusted,
61,Dead End,Dead End,Jan Metternich,disgusted,
62,Be Alright,A Place We Knew,Dean Lewis,disgusted,
63,Can We Kiss Forever?,Can We Kiss Forever?,Kina,disgusted,
64,Circles,Start as You Mean to Go On,Iann Brennan,disgusted,
65,Say Something,Is There Anybody Out There?,A Great Big World,disgusted,
66,If The World Was Ending,If The World Was Ending,JP Saxe,disgusted,
67,my future,my future,Billie Eilish,disgusted,
68,Nude,In Rainbows,Radiohead,disgusted,
69,At My Worst,The Prelude,Pink Sweat$,disgusted,
70,Fix You,X&Y,Coldplay,disgusted,
71,ANXIOUS,ANXIOUS,Josh A,disgusted,
72,XO,i think you think too much of me,EDEN,disgusted,
73,Coaster,American Teen,Khalid,disgusted,
74,Not About Angels,Not About Angels,Birdy,disgusted,
75,Let Her Go,All The Little Lights,Passenger,disgusted,
76,Save Your Tears,After Hours,The Weeknd,disgusted,
77,Breathe Me,Colour The Small One,Sia,disgusted,
78,Broken,Broken,Lund,disgusted,
79,Hold Me While You Wait,Divinely Uninspired To A Hellish Extent,Lewis Capaldi,disgusted,
80,Let You Down,Perception,NF,disgusted,
81,Coaster,Coaster,Khalid,disgusted,
82,Say You Won't Let Go,Back from the Edge,James Arthur,disgusted,
83,Let Her Go - Acoustic,All The Little Lights,Passenger,disgusted,
84,Moonlight,YOU,Ali Gatie,disgusted,
85,Stay,Unapologetic (Deluxe),Rihanna,disgusted,
86,You're Beautiful,Back to Bedlam,James Blunt,disgusted,
87,Chicago Freestyle (feat. Giveon),Dark Lane Demo Tapes,Drake,disgusted,
88,Breakeven,The Script,The Script,disgusted,
89,Yellow,Parachutes,Coldplay,disgusted,
90,Feel,Escapology,Robbie Williams,disgusted,
91,How to Save a Life,How To Save A Life,The Fray,disgusted,
92,you broke me first,you broke me first,Tate McRae,disgusted,
93,Bigger Than Me,The Show Is Over,Baker Grace,disgusted,
94,No Surprises,OK Computer,Radiohead,disgusted,
95,Heart of Gold - 2009 Remaster,Harvest (2009 Remaster),Neil Young,disgusted,
96,All of Me,Love In The Future (Expanded Edition),John Legend,disgusted,
97,you were good to me (bonus track),love is not dying,Jeremy Zucker,disgusted,
98,the remedy for a broken heart (why am I so in love),?,XXXTENTACION,disgusted,
99,Lie,Perception,NF,disgusted,
0,Fearless Pt. II,NCS: The Best of 2017,Various Artists,fearful,
1,Fearless,Fearless,Lost Sky,fearful,
2,Ark,Ark,Star Party,fearful,
3,Supersonic,Supersonic,Rob Gasser,fearful,
4,Fearless Pt. II,NCS: The Best of 2017,Various Artists,fearful,
5,Mortals,Mortals,Warriyo,fearful,
6,Horizon,Dying Light (Original Game Soundtrack),Pawel Blaszczak,fearful,
7,Fearless,Fearless,Lost Sky,fearful,
8,Ark,Ark,Star Party,fearful,
9,Ark,Ark,Star Party,fearful,
10,Mortals,Mortals,Warriyo,fearful,
11,Horizon,Dying Light (Original Game Soundtrack),Pawel Blaszczak,fearful,
12,Supersonic,Supersonic,Rob Gasser,fearful,
13,Feel Good,Feel Good,Syn Cole,fearful,
14,Fearless Pt. II,NCS: The Best of 2017,Various Artists,fearful,
15,Horizon,Dying Light (Original Game Soundtrack),Pawel Blaszczak,fearful,
16,Mortals,Mortals,Warriyo,fearful,
17,Fearless,Fearless,Lost Sky,fearful,
18,Blank,Blank,Disfigure,fearful,
19,Symbolism,Symbolism,Electro-Light,fearful,
20,Symbolism,Symbolism,Electro-Light,fearful,
21,Blank,Blank,Disfigure,fearful,
22,On & On,On & On,Cartoon,fearful,
23,On & On,On & On,Cartoon,fearful,
24,Invincible,Invincible,Deaf Kev,fearful,
25,Invincible,Invincible,Deaf Kev,fearful,
26,Sky High,Sky High,Elektronomia,fearful,
27,Nekozilla,NCS: Infinity,Various Artists,fearful,
28,Firefly,Firefly,Jim Yosef,fearful,
29,Hope (Original Mix),Hope,Tobu,fearful,
0,Leave The Door Open,Leave The Door Open,Bruno Mars,happy,
1,Dynamite,Dynamite (DayTime Version),BTS,happy,
2,Levitating (feat. DaBaby),Future Nostalgia,Dua Lipa,happy,
3,Kiss Me More (feat. SZA),Kiss Me More (feat. SZA),Doja Cat,happy,
4,Perfect,÷ (Deluxe),Ed Sheeran,happy,
5,GIRL LIKE ME,GIRL LIKE ME,Black Eyed Peas,happy,
6,We Need Love - Cabu Remix,We Need Love (Cabu Remix),Cabu,happy,
7,Dance Monkey,Dance Monkey,Tones And I,happy,
8,Uptown Funk (feat. Bruno Mars),Uptown Special,Mark Ronson,happy,
9,Sugar,V (Deluxe),Maroon 5,happy,
10,Girls Like You (feat. Cardi B),Girls Like You (feat. Cardi B),Maroon 5,happy,
11,Ice Cream (with Selena Gomez),Ice Cream (with Selena Gomez),BLACKPINK,happy,
12,Useless,Useless,Two Friends,happy,
13,Roar,PRISM (Deluxe),Katy Perry,happy,
14,The Lazy Song,Doo-Wops & Hooligans,Bruno Mars,happy,
15,Thinking out Loud,x (Deluxe Edition),Ed Sheeran,happy,
16,damn i love the rain,damn i love the rain,Gabriella Zauna,happy,
17,Intentions (feat. Quavo),Changes,Justin Bieber,happy,
18,That's What I Like,24K Magic,Bruno Mars,happy,
19,Makes Me Feel This Way,Makes Me Feel This Way,Nairobi,happy,
20,Lean On (feat. MØ & DJ Snake),Peace Is The Mission : Extended,Major Lazer,happy,
21,Barcelona,Barcelona,Andra,happy,
22,Happy,Despicable Me 2 (Original Motion Picture Soundtrack),Various Artists,happy,
23,Hymn for the Weekend,A Head Full of Dreams,Coldplay,happy,
24,The Nights,Stories,Avicii,happy,
25,"CAN'T STOP THE FEELING! (Original Song from DreamWorks Animation's ""TROLLS"")","CAN'T STOP THE FEELING! (Original Song from DreamWorks Animation's ""TROLLS"")",Justin Timberlake,happy,
26,I Feel It Coming,Starboy,The Weeknd,happy,
27,No Lie,No Lie,Sean Paul,happy,
28,All of Me,Love In The Future (Expanded Edition),John Legend,happy,
29,Sweet Dreams - Radio Killer Remix,Sweet Dreams (Radio Killer Remix),Andra,happy,
30,Cheap Thrills (feat. Sean Paul),This Is Acting (Deluxe Version),Sia,happy,
31,Don't Start Now,Future Nostalgia,Dua Lipa,happy,
32,On The Floor,Love?,Jennifer Lopez,happy,
33,Closer,Closer,The Chainsmokers,happy,
34,The Real Slim Shady,The Marshall Mathers LP,Eminem,happy,
35,2002,2002,Anne-Marie,happy,
36,Sweater Weather,I Love You.,The Neighbourhood,happy,
37,Better,Better,Khalid,happy,
38,Hips Don't Lie (feat. Wyclef Jean),"Oral Fixation, Vol. 2 (Expanded Edition)",Shakira,happy,
39,Adventure of a Lifetime,A Head Full of Dreams,Coldplay,happy,
40,It's My Life,Crush,Bon Jovi,happy,
41,Yummy,Yummy,Justin Bieber,happy,
42,24K Magic,24K Magic,Bruno Mars,happy,
43,Physical,Future Nostalgia,Dua Lipa,happy,
44,Cover Me In Sunshine,Cover Me In Sunshine,P!nk,happy,
45,Locked out of Heaven,Unorthodox Jukebox,Bruno Mars,happy,
46,Stereo Hearts (feat. Adam Levine),The Papercut Chronicles II (Deluxe Edition),Gym Class Heroes,happy,
47,Wake Me Up,True,Avicii,happy,
48,Just the Way You Are,Doo-Wops & Hooligans,Bruno Mars,happy,
49,"I'm the One (feat. Justin Bieber, Quavo, Chance the Rapper & Lil Wayne)",Grateful,DJ Khaled,happy,
50,Something Just Like This,Something Just Like This,The Chainsmokers,happy,
51,Waiting For Love,Stories,Avicii,happy,
52,Eenie Meenie,Eenie Meenie,Sean Kingston,happy,
53,Watermelon Sugar,Fine Line,Harry Styles,happy,
54,Night Changes,FOUR (Deluxe),One Direction,happy,
55,Say So,Hot Pink,Doja Cat,happy,
56,Electric,Electric,Katy Perry,happy,
57,Higher Power,Higher Power,Coldplay,happy,
58,My Head & My Heart,Heaven & Hell,Ava Max,happy,
59,Hold On,Hold On,Justin Bieber,happy,
60,Follow You,Follow You / Cutthroat,Imagine Dragons,happy,
61,BED,BED,Joel Corry,happy,
62,Run,Run,OneRepublic,happy,
63,"34+35 Remix (feat. Doja Cat, Megan Thee Stallion) - Remix",34+35 (Remix),Ariana Grande,happy,
64,On The Ground,R,ROSÉ,happy,
65,Floating Through Space,Floating Through Space,Sia,happy,
66,Waves of Blue,Waves of Blue,Majid Jordan,happy,
67,Fireworks (feat. Moss Kena & The Knocks),Fireworks (feat. Moss Kena & The Knocks),Purple Disco Machine,happy,
68,Titans (feat. Sia & Labrinth),Music Is The Weapon (Reloaded),Major Lazer,happy,
69,Lifestyle (feat. Adam Levine),Lifestyle (feat. Adam Levine),Jason Derulo,happy,
70,Let’s Go Home Together,Let’s Go Home Together (Luca Schreiner Remix),Ella Henderson,happy,
71,Dancing On Dangerous (feat. Sofía Reyes),Dancing On Dangerous (feat. Sofía Reyes),Imanbek,happy,
72,Off My Face,Justice,Justin Bieber,happy,
73,Girl From Rio,Girl From Rio,Anitta,happy,
74,Treat People With Kindness,Fine Line,Harry Styles,happy,
75,Medicine,Medicine,James Arthur,happy,
76,Starstruck,Starstruck,Years & Years,happy,
77,Hey Boy (feat. Burna Boy),Hey Boy (feat. Burna Boy),Sia,happy,
78,Deserve You,Justice,Justin Bieber,happy,
79,Higher (feat. iann dior),Higher (feat. iann dior),Clean Bandit,happy,
0,Heathens,Heathens,Twenty One Pilots,neutral,
1,Attention,Voicenotes,Charlie Puth,neutral,
2,There's Nothing Holdin' Me Back,Illuminate (Deluxe),Shawn Mendes,neutral,
3,Believer,Evolve,Imagine Dragons,neutral,
4,Galway Girl,÷ (Deluxe),Ed Sheeran,neutral,
5,Faded,Different World,Alan Walker,neutral,
6,Symphony (feat. Zara Larsson),What Is Love? (Deluxe Edition),Clean Bandit,neutral,
7,Fight Song,Wildfire,Rachel Platten,neutral,
8,Rockabye (feat. Sean Paul & Anne-Marie),What Is Love? (Deluxe Edition),Clean Bandit,neutral,
9,Shape of You,÷ (Deluxe),Ed Sheeran,neutral,
10,Something Just Like This,Memories...Do Not Open,The Chainsmokers,neutral,
11,Treat You Better,Illuminate (Deluxe),Shawn Mendes,neutral,
12,Thunder,Evolve,Imagine Dragons,neutral,
13,Havana (feat. Young Thug),Camila,Camila Cabello,neutral,
14,Let Me Love You,Encore,DJ Snake,neutral,
15,Mama,Blue,Jonas Blue,neutral,
16,Alone,Different World,Alan Walker,neutral,
17,That's What I Like,24K Magic,Bruno Mars,neutral,
18,In the Name of Love,In the Name of Love,Martin Garrix,neutral,
19,Wolves,Wolves,Selena Gomez,neutral,
20,Mercy,Illuminate (Deluxe),Shawn Mendes,neutral,
21,How Long,Voicenotes,Charlie Puth,neutral,
22,Paris,Memories...Do Not Open,The Chainsmokers,neutral,
23,"Feels (feat. Pharrell Williams, Katy Perry & Big Sean)",Funk Wav Bounces Vol.1,Calvin Harris,neutral,
24,Perfect,÷ (Deluxe),Ed Sheeran,neutral,
25,24K Magic,24K Magic,Bruno Mars,neutral,
26,Friends (with BloodPop®),Friends (with BloodPop®),Justin Bieber,neutral,
27,Look What You Made Me Do,reputation,Taylor Swift,neutral,
28,Sorry Not Sorry,Tell Me You Love Me (Deluxe),Demi Lovato,neutral,
29,Starboy,Starboy,The Weeknd,neutral,
30,Perfect Strangers,Blue,Jonas Blue,neutral,
31,Issues,Nervous System,Julia Michaels,neutral,
32,My Way,My Way,Calvin Harris,neutral,
33,Ride,Blurryface,Twenty One Pilots,neutral,
34,More Than You Know,More Than You Know,Axwell /\ Ingrosso,neutral,
35,What About Us,Beautiful Trauma,P!nk,neutral,
36,Slow Hands,Flicker (Deluxe),Niall Horan,neutral,
37,Your Song,Phoenix (Deluxe Edition),Rita Ora,neutral,
38,Crying in the Club,Crying in the Club,Camila Cabello,neutral,
39,Fetish (feat. Gucci Mane),Fetish (feat. Gucci Mane),Selena Gomez,neutral,
40,Pretty Girl - Cheat Codes X CADE Remix,Pretty Girl (Cheat Codes X CADE Remix),Maggie Lindemann,neutral,
41,...Ready For It?,reputation,Taylor Swift,neutral,
42,Castle on the Hill,÷ (Deluxe),Ed Sheeran,neutral,
43,Most Girls,Most Girls,Hailee Steinfeld,neutral,
44,Silence,Silence,Marshmello,neutral,
45,The Cure,The Cure,Lady Gaga,neutral,
46,Glorious (feat. Skylar Grey),GEMINI,Macklemore,neutral,
47,I Like Me Better,I met you when I was 18. (the playlist),Lauv,neutral,
48,I Feel It Coming,Starboy,The Weeknd,neutral,
49,Bon appétit,Witness (Deluxe),Katy Perry,neutral,
50,"Let Me Go (with Alesso, Florida Georgia Line & watt)","Let Me Go (with Alesso, Florida Georgia Line & watt)",Hailee Steinfeld,neutral,
51,Now Or Never,hopeless fountain kingdom (Deluxe),Halsey,neutral,
52,1-800-273-8255,Everybody,Logic,neutral,
53,Instruction,Tell Me You Love Me (Deluxe),Demi Lovato,neutral,
54,OMG (feat. Quavo),OMG (feat. Quavo),Camila Cabello,neutral,
55,Unforgettable,Jungle Rules,French Montana,neutral,
56,Feel It Still,Woodstock,Portugal. The Man,neutral,
57,Too Much To Ask,Flicker (Deluxe),Niall Horan,neutral,
58,Green Light,Melodrama,Lorde,neutral,
59,Gorgeous,reputation,Taylor Swift,neutral,
60,Why,Why,Sabrina Carpenter,neutral,
61,Young Dumb & Broke,American Teen,Khalid,neutral,
62,Tell Me You Love Me,Tell Me You Love Me (Deluxe),Demi Lovato,neutral,
63,No More Sad Songs (feat. Machine Gun Kelly),Glory Days: The Platinum Edition,Little Mix,neutral,
64,Bad At Love,hopeless fountain kingdom (Deluxe),Halsey,neutral,
65,Love So Soft,Meaning of Life,Kelly Clarkson,neutral,
66,Perfect Places,Melodrama,Lorde,neutral,
67,Good Old Days (feat. Kesha),GEMINI,Macklemore,neutral,
68,I Got You,Expectations,Bebe Rexha,neutral,
69,Slide (feat. Frank Ocean & Migos),Funk Wav Bounces Vol.1,Calvin Harris,neutral,
70,Good Life (with G-Eazy & Kehlani),The Fate of the Furious: The Album,Various Artists,neutral,
71,Meant to Be (feat. Florida Georgia Line),Expectations,Bebe Rexha,neutral,
72,Homemade Dynamite - REMIX,Melodrama,Lorde,neutral,
73,Never Be the Same - Radio Edit,Camila,Camila Cabello,neutral,
74,I Miss You (feat. Julia Michaels),What Is Love? (Deluxe Edition),Clean Bandit,neutral,
75,Beautiful Trauma,Beautiful Trauma,P!nk,neutral,
76,Let You Down,Perception,NF,neutral,
77,rockstar (feat. 21 Savage),beerbongs & bentleys,Post Malone,neutral,
78,Him & I (with Halsey),The Beautiful & Damned,G-Eazy,neutral,
79,All Falls Down (feat. Juliander),Different World,Alan Walker,neutral,
80,Whatever It Takes,Evolve,Imagine Dragons,neutral,
81,At My Best (feat. Hailee Steinfeld),bloom,Machine Gun Kelly,neutral,
82,Miss You,Miss You,Louis Tomlinson,neutral,
83,Thumbs,EVOLution,Sabrina Carpenter,neutral,
84,Reminding Me,My Side of Your Story,Shawn Hook,neutral,
85,Finesse - Remix; feat. Cardi B,Finesse (Remix) [feat. Cardi B],Bruno Mars,neutral,
86,On The Loose,Flicker (Deluxe),Niall Horan,neutral,
87,Phases,Phases,ALMA,neutral,
88,Obsessed,Obsessed,Maggie Lindemann,neutral,
89,Just Hold On,Neon Future III,Steve Aoki,neutral,
90,Broken Glass,Waves,Rachel Platten,neutral,
91,Let Me,Icarus Falls,ZAYN,neutral,
92,Whatever You Want,Beautiful Trauma,P!nk,neutral,
93,Faking It (feat. Kehlani & Lil Yachty) - Radio Edit,Faking It (feat. Kehlani & Lil Yachty) [Radio Edit],Calvin Harris,neutral,
94,The Middle,The Middle,Zedd,neutral,
95,Complicated (feat. Kiiara),Complicated (feat. Kiiara),Dimitri Vegas & Like Mike,neutral,
96,Want You Back,Youngblood (Deluxe),5 Seconds of Summer,neutral,
97,One Foot,What If Nothing,WALK THE MOON,neutral,
98,FRIENDS,Speak Your Mind (Deluxe),Anne-Marie,neutral,
99,Heat,Meaning of Life,Kelly Clarkson,neutral,
0,Get You The Moon (feat. Snøw),Get You The Moon (feat. Snøw),Kina,sad,
1,Jocelyn Flores,17,XXXTENTACION,sad,
2,Someone You Loved,Divinely Uninspired To A Hellish Extent,Lewis Capaldi,sad,
3,how to live,how to live,yaeow,sad,
4,It's You,YOU,Ali Gatie,sad,
5,Loosing Interest,Passion & Confusion,Timmies,sad,
6,Tell Me Goodbye,Tell Me Goodbye,ORYL,sad,
7,Dead and Cold,Dead and Cold,ELIJAH MOON,sad,
8,Heather,Kid Krow,Conan Gray,sad,
9,Reckless,Reckless,Madison Beer,sad,
10,paradise,paradise,cliffe,sad,
11,Me Too,Me Too,April Jai,sad,
12,Six Feet Under,Six Feet Under,Billie Eilish,sad,
13,Circles,Hollywood's Bleeding,Post Malone,sad,
14,All Alone,All Alone,Sølace,sad,
15,Nobody Knows My Name,Nobody Knows My Name,DANIEL,sad,
16,Everybody Dies In Their Nightmares,17,XXXTENTACION,sad,
17,More to the Story,More to the Story,Kristina Nichol,sad,
18,talk with me (about it),talk with me (about it),Brvno,sad,
19,Heartbreak Anniversary,TAKE TIME,Giveon,sad,
20,i haven't let go,i haven't let go,RNAQ,sad,
21,idfc,deadroses,blackbear,sad,
22,Till Forever Falls Apart,Till Forever Falls Apart,Ashe,sad,
23,I Need You,I Need You,ORYL,sad,
24,Someone Like You,21,Adele,sad,
25,Train Wreck,Back from the Edge,James Arthur,sad,
26,When I'm Gone,When I'm Gone,Wikw,sad,
27,Goodbye,Goodbye,Rachel Lorin,sad,
28,bad ones,TOO YOUNG TO BE SAD,Tate McRae,sad,
29,Helluvaride,Helluvaride,Oceans Ahead,sad,
30,Arcade,Small Town Boy (Track By Track),Duncan Laurence,sad,
31,Therapy,Therapy,Tasty,sad,
32,r u ok,TOO YOUNG TO BE SAD,Tate McRae,sad,
33,Goddess Kinda Power - Acoustic Version,Goddess Kinda Power (Acoustic Version),Josefine,sad,
34,Horrors in the Dark,Horrors in the Dark,Sofi Gev,sad,
35,Like the Weather,Like the Weather,Hand Made House,sad,
36,Happier,÷ (Deluxe),Ed Sheeran,sad,
37,Get to Me,Get to Me,Emma Charles,sad,
38,Skin,Skin,Sabrina Carpenter,sad,
39,Self Destructive,Self Destructive,Julia Rizik,sad,
40,On The Low,On The Low,Wovy,sad,
41,7 Years,Lukas Graham,Lukas Graham,sad,
42,Oxygen,Welcome To Jupiter 1.0,Grace Gaustad,sad,
43,slower,slower,Tate McRae,sad,
44,What I Need,What I Need,ORYL,sad,
45,drivers license,drivers license,Olivia Rodrigo,sad,
46,Lonely (with benny blanco),Lonely (with benny blanco),Justin Bieber,sad,
47,Half A Man,A Place We Knew,Dean Lewis,sad,
48,1-800-273-8255,Everybody,Logic,sad,
49,Amen,Amen,John Adams,sad,
50,Let It Go,Chaos And The Calm,James Bay,sad,
51,lovely (with Khalid),lovely (with Khalid),Billie Eilish,sad,
52,changes,?,XXXTENTACION,sad,
53,"i hate u, i love u (feat. olivia o'brien)",us,gnash,sad,
54,Bruises,Divinely Uninspired To A Hellish Extent,Lewis Capaldi,sad,
55,when the party's over,"WHEN WE ALL FALL ASLEEP, WHERE DO WE GO?",Billie Eilish,sad,
56,Too Late For Sorries,Too Late For Sorries,Wovy,sad,
57,Dancing With A Stranger (With Normani) - Acoustic,Dancing With A Stranger (With Normani) [Acoustic],Sam Smith,sad,
58,You Belong To Somebody Else,You Belong To Somebody Else,PJ Harding,sad,
59,Lost Without You,Lost Without You,Freya Ridings,sad,
60,Sweater Weather,Sweater Weather,ORYL,sad,
61,Dead End,Dead End,Jan Metternich,sad,
62,Be Alright,A Place We Knew,Dean Lewis,sad,
63,Can We Kiss Forever?,Can We Kiss Forever?,Kina,sad,
64,Circles,Start as You Mean to Go On,Iann Brennan,sad,
65,Say Something,Is There Anybody Out There?,A Great Big World,sad,
66,If The World Was Ending,If The World Was Ending,JP Saxe,sad,
67,my future,my future,Billie Eilish,sad,
68,Nude,In Rainbows,Radiohead,sad,
69,At My Worst,The Prelude,Pink Sweat$,sad,
70,Fix You,X&Y,Coldplay,sad,
71,ANXIOUS,ANXIOUS,Josh A,sad,
72,XO,i think you think too much of me,EDEN,sad,
73,Coaster,American Teen,Khalid,sad,
74,Not About Angels,Not About Angels,Birdy,sad,
75,Let Her Go,All The Little Lights,Passenger,sad,
76,Save Your Tears,After Hours,The Weeknd,sad,
77,Breathe Me,Colour The Small One,Sia,sad,
78,Broken,Broken,Lund,sad,
79,Hold Me While You Wait,Divinely Uninspired To A Hellish Extent,Lewis Capaldi,sad,
80,Let You Down,Perception,NF,sad,
81,Coaster,Coaster,Khalid,sad,
82,Say You Won't Let Go,Back from the Edge,James Arthur,sad,
83,Let Her Go - Acoustic,All The Little Lights,Passenger,sad,
84,Moonlight,YOU,Ali Gatie,sad,
85,Stay,Unapologetic (Deluxe),Rihanna,sad,
86,You're Beautiful,Back to Bedlam,James Blunt,sad,
87,Chicago Freestyle (feat. Giveon),Dark Lane Demo Tapes,Drake,sad,
88,Breakeven,The Script,The Script,sad,
89,Yellow,Parachutes,Coldplay,sad,
90,Feel,Escapology,Robbie Williams,sad,
91,How to Save a Life,How To Save A Life,The Fray,sad,
92,you broke me first,you broke me first,Tate McRae,sad,
93,Bigger Than Me,The Show Is Over,Baker Grace,sad,
94,No Surprises,OK Computer,Radiohead,sad,
95,Heart of Gold - 2009 Remaster,Harvest (2009 Remaster),Neil Young,sad,
96,All of Me,Love In The Future (Expanded Edition),John Legend,sad,
97,you were good to me (bonus track),love is not dying,Jeremy Zucker,sad,
98,the remedy for a broken heart (why am I so in love),?,XXXTENTACION,sad,
99,Lie,Perception,NF,sad,
0,Sick Thoughts,Sick Thoughts,Lewis Blissett,songs_with_feeling,Angry
1,Mo Bamba,MUDBOY,Sheck Wes,songs_with_feeling,Angry
2,MONTERO (Call Me By Your Name),MONTERO (Call Me By Your Name),Lil Nas X,songs_with_feeling,Angry
3,Foot Fungus,STOKELEY,Ski Mask The Slump God,songs_with_feeling,Angry
4,Shhh (Pew Pew) - Slowed + Reverb,Shhh (Pew Pew) [Slowed + Reverb],Young Fanatic,songs_with_feeling,Angry
5,Rasputin,Rasputin,Majestic,songs_with_feeling,Angry
6,Astronaut In The Ocean,Astronaut In The Ocean,Masked Wolf,songs_with_feeling,Angry
7,Whoopty,Whoopty,CJ,songs_with_feeling,Angry
8,Streets,Hot Pink,Doja Cat,songs_with_feeling,Angry
9,Goosebumps - Remix,Goosebumps (Remix),Travis Scott,songs_with_feeling,Angry
10,Paparazzi,Paparazzi,Kim Dracula,songs_with_feeling,Angry
11,hot girl bummer,hot girl bummer,blackbear,songs_with_feeling,Angry
12,Runnin Low,Runnin Low,Kieran Alleyne,songs_with_feeling,Angry
13,Моя голова винтом (My head is spinning like a screw),Моя голова винтом (My head is spinning like a screw),kostromin,songs_with_feeling,Angry
14,Such a Whore (Stellular Remix),Such a Whore (Stellular Remix),JVLA,songs_with_feeling,Angry
15,Such a Whore (Instrumental),Such a Whore (Instrumental),JVLA,songs_with_feeling,Angry
16,Minimum - Umut Dogan Remix,Minimum (Umut Dogan Remix),Ямаджи,songs_with_feeling,Angry
17,Минимум - The Sumo Remix,Минимум (Remix Pack),Ямаджи,songs_with_feeling,Angry
18,Superlife,Superlife,Lox Chatterbox,songs_with_feeling,Angry
19,Invincible,Meet The Woo 2,Pop Smoke,songs_with_feeling,Angry
20,How She Walk,How She Walk,TheGrimLynn,songs_with_feeling,Angry
21,Arabian Night,Arabian Night,Żwirek,songs_with_feeling,Angry
22,Monster,Monster,Besomorph,songs_with_feeling,Angry
23,PHONKY TOWN,PHONKY TOWN,PlayaPhonk,songs_with_feeling,Angry
24,Goodbye (feat. Lyse) - Slow Version,Goodbye (feat. Lyse) [Slow Version],Feder,songs_with_feeling,Angry
25,Blood // Water,Blood // Water,grandson,songs_with_feeling,Angry
26,Fed Up,ANTI-ICON,Ghostemane,songs_with_feeling,Angry
27,Kill Yourself (Part III),My Liver Will Handle What My Heart Can't,$uicideboy$,songs_with_feeling,Angry
28,Venom - Music From The Motion Picture,Venom (Music From The Motion Picture),Eminem,songs_with_feeling,Angry
29,The Electro Suite,The Amazing Spider-Man 2 (The Original Motion Picture Soundtrack) [Deluxe],Various Artists,songs_with_feeling,Angry
0,Get You The Moon (feat. Snøw),Get You The Moon (feat. Snøw),Kina,songs_with_feeling,Disgusted
1,Jocelyn Flores,17,XXXTENTACION,songs_with_feeling,Disgusted
2,Someone You Loved,Divinely Uninspired To A Hellish Extent,Lewis Capaldi,songs_with_feeling,Disgusted
3,how to live,how to live,yaeow,songs_with_feeling,Disgusted
4,It's You,YOU,Ali Gatie,songs_with_feeling,Disgusted
5,Loosing Interest,Passion & Confusion,Timmies,songs_with_feeling,Disgusted
6,Tell Me Goodbye,Tell Me Goodbye,ORYL,songs_with_feeling,Disgusted
7,Dead and Cold,Dead and Cold,ELIJAH MOON,songs_with_feeling,Disgusted
8,Heather,Kid Krow,Conan Gray,songs_with_feeling,Disgusted
9,Reckless,Reckless,Madison Beer,songs_with_feeling,Disgusted
10,paradise,paradise,cliffe,songs_with_feeling,Disgusted
11,Me Too,Me Too,April Jai,songs_with_feeling,Disgusted
12,Six Feet Under,Six Feet Under,Billie Eilish,songs_with_feeling,Disgusted
13,Circles,Hollywood's Bleeding,Post Malone,songs_with_feeling,Disgusted
14,All Alone,All Alone,Sølace,songs_with_feeling,Disgusted
15,Nobody Knows My Name,Nobody Knows My Name,DANIEL,songs_with_feeling,Disgusted
16,Everybody Dies In Their Nightmares,17,XXXTENTACION,songs_with_feeling,Disgusted
17,More to the Story,More to the Story,Kristina Nichol,songs_with_feeling,Disgusted
18,talk with me (about it),talk with me (about it),Brvno,songs_with_feeling,Disgusted
19,Heartbreak Anniversary,TAKE TIME,Giveon,songs_with_feeling,Disgusted
20,i haven't let go,i haven't let go,RNAQ,songs_with_feeling,Disgusted
21,idfc,deadroses,blackbear,songs_with_feeling,Disgusted
22,Till Forever Falls Apart,Till Forever Falls Apart,Ashe,songs_with_feeling,Disgusted
23,I Need You,I Need You,ORYL,songs_with_feeling,Disgusted
24,Someone Like You,21,Adele,songs_with_feeling,Disgusted
25,Train Wreck,Back from the Edge,James Arthur,songs_with_feeling,Disgusted
26,When I'm Gone,When I'm Gone,Wikw,songs_with_feeling,Disgusted
27,Goodbye,Goodbye,Rachel Lorin,songs_with_feeling,Disgusted
28,bad ones,TOO YOUNG TO BE SAD,Tate McRae,songs_with_feeling,Disgusted
29,Helluvaride,Helluvaride,Oceans Ahead,songs_with_feeling,Disgusted
30,Arcade,Small Town Boy (Track By Track),Duncan Laurence,songs_with_feeling,Disgusted
31,Therapy,Therapy,Tasty,songs_with_feeling,Disgusted
32,r u ok,TOO YOUNG TO BE SAD,Tate McRae,songs_with_feeling,Disgusted
33,Goddess Kinda Power - Acoustic Version,Goddess Kinda Power (Acoustic Version),Josefine,songs_with_feeling,Disgusted
34,Horrors in the Dark,Horrors in the Dark,Sofi Gev,songs_with_feeling,Disgusted
35,Like the Weather,Like the Weather,Hand Made House,songs_with_feeling,Disgusted
36,Happier,÷ (Deluxe),Ed Sheeran,songs_with_feeling,Disgusted
37,Get to Me,Get to Me,Emma Charles,songs_with_feeling,Disgusted
38,Skin,Skin,Sabrina Carpenter,songs_with_feeling,Disgusted
39,Self Destructive,Self Destructive,Julia Rizik,songs_with_feeling,Disgusted
40,On The Low,On The Low,Wovy,songs_with_feeling,Disgusted
41,7 Years,Lukas Graham,Lukas Graham,songs_with_feeling,Disgusted
42,Oxygen,Welcome To Jupiter 1.0,Grace Gaustad,songs_with_feeling,Disgusted
43,slower,slower,Tate McRae,songs_with_feeling,Disgusted
44,What I Need,What I Need,ORYL,songs_with_feeling,Disgusted
45,drivers license,drivers license,Olivia Rodrigo,songs_with_feeling,Disgusted
46,Lonely (with benny blanco),Lonely (with benny blanco),Justin Bieber,songs_with_feeling,Disgusted
47,Half A Man,A Place We Knew,Dean Lewis,songs_with_feeling,Disgusted
48,1-800-273-8255,Everybody,Logic,songs_with_feeling,Disgusted
49,Amen,Amen,John Adams,songs_with_feeling,Disgusted
50,Let It Go,Chaos And The Calm,James Bay,songs_with_feeling,Disgusted
51,lovely (with Khalid),lovely (with Khalid),Billie Eilish,songs_with_feeling,Disgusted
52,changes,?,XXXTENTACION,songs_with_feeling,Disgusted
53,"i hate u, i love u (feat. olivia o'brien)",us,gnash,songs_with_feeling,Disgusted
54,Bruises,Divinely Uninspired To A Hellish Extent,Lewis Capaldi,songs_with_feeling,Disgusted
55,when the party's over,"WHEN WE ALL FALL ASLEEP, WHERE DO WE GO?",Billie Eilish,songs_with_feeling,Disgusted
56,Too Late For Sorries,Too Late For Sorries,Wovy,songs_with_feeling,Disgusted
57,Dancing With A Stranger (With Normani) - Acoustic,Dancing With A Stranger (With Normani) [Acoustic],Sam Smith,songs_with_feeling,Disgusted
58,You Belong To Somebody Else,You Belong To Somebody Else,PJ Harding,songs_with_feeling,Disgusted
59,Lost Without You,Lost Without You,Freya Ridings,songs_with_feeling,Disgusted
60,Sweater Weather,Sweater Weather,ORYL,songs_with_feeling,Disgusted
61,Dead End,Dead End,Jan Metternich,songs_with_feeling,Disgusted
62,Be Alright,A Place We Knew,Dean Lewis,songs_with_feeling,Disgusted
63,Can We Kiss Forever?,Can We Kiss Forever?,Kina,songs_with_feeling,Disgusted
64,Circles,Start as You Mean to Go On,Iann Brennan,songs_with_feeling,Disgusted
65,Say Something,Is There Anybody Out There?,A Great Big World,songs_with_feeling,Disgusted
66,If The World Was Ending,If The World Was Ending,JP Saxe,songs_with_feeling,Disgusted
67,my future,my future,Billie Eilish,songs_with_feeling,Disgusted
68,Nude,In Rainbows,Radiohead,songs_with_feeling,Disgusted
69,At My Worst,The Prelude,Pink Sweat$,songs_with_feeling,Disgusted
70,Fix You,X&Y,Coldplay,songs_with_feeling,Disgusted
71,ANXIOUS,ANXIOUS,Josh A,songs_with_feeling,Disgusted
72,XO,i think you think too much of me,EDEN,songs_with_feeling,Disgusted
73,Coaster,American Teen,Khalid,songs_with_feeling,Disgusted
74,Not About Angels,Not About Angels,Birdy,songs_with_feeling,Disgusted
75,Let Her Go,All The Little Lights,Passenger,songs_with_feeling,Disgusted
76,Save Your Tears,After Hours,The Weeknd,songs_with_feeling,Disgusted
77,Breathe Me,Colour The Small One,Sia,songs_with_feeling,Disgusted
78,Broken,Broken,Lund,songs_with_feeling,Disgusted
79,Hold Me While You Wait,Divinely Uninspired To A Hellish Extent,Lewis Capaldi,songs_with_feeling,Disgusted
80,Let You Down,Perception,NF,songs_with_feeling,Disgusted
81,Coaster,Coaster,Khalid,songs_with_feeling,Disgusted
82,Say You Won't Let Go,Back from the Edge,James Arthur,songs_with_feeling,Disgusted
83,Let Her Go - Acoustic,All The Little Lights,Passenger,songs_with_feeling,Disgusted
84,Moonlight,YOU,Ali Gatie,songs_with_feeling,Disgusted
85,Stay,Unapologetic (Deluxe),Rihanna,songs_with_feeling,Disgusted
86,You're Beautiful,Back to Bedlam,James Blunt,songs_with_feeling,Disgusted
87,Chicago Freestyle (feat. Giveon),Dark Lane Demo Tapes,Drake,songs_with_feeling,Disgusted
88,Breakeven,The Script,The Script,songs_with_feeling,Disgusted
89,Yellow,Parachutes,Coldplay,songs_with_feeling,Disgusted
90,Feel,Escapology,Robbie Williams,songs_with_feeling,Disgusted
91,How to Save a Life,How To Save A Life,The Fray,songs_with_feeling,Disgusted
92,you broke me first,you broke me first,Tate McRae,songs_with_feeling,Disgusted
93,Bigger Than Me,The Show Is Over,Baker Grace,songs_with_feeling,Disgusted
94,No Surprises,OK Computer,Radiohead,songs_with_feeling,Disgusted
95,Heart of Gold - 2009 Remaster,Harvest (2009 Remaster),Neil Young,songs_with_feeling,Disgusted
96,All of Me,Love In The Future (Expanded Edition),John Legend,songs_with_feeling,Disgusted
97,you were good to me (bonus track),love is not dying,Jeremy Zucker,songs_with_feeling,Disgusted
98,the remedy for a broken heart (why am I so in love),?,XXXTENTACION,songs_with_feeling,Disgusted
99,Lie,Perception,NF,songs_with_feeling,Disgusted
0,Fearless Pt. II,NCS: The Best of 2017,Various Artists,songs_with_feeling,
1,Fearless,Fearless,Lost Sky,songs_with_feeling,
2,Ark,Ark,Star Party,songs_with_feeling,
3,Supersonic,Supersonic,Rob Gasser,songs_with_feeling,
4,Fearless Pt. II,NCS: The Best of 2017,Various Artists,songs_with_feeling,
5,Mortals,Mortals,Warriyo,songs_with_feeling,
6,Horizon,Dying Light (Original Game Soundtrack),Pawel Blaszczak,songs_with_feeling,
7,Fearless,Fearless,Lost Sky,songs_with_feeling,
8,Ark,Ark,Star Party,songs_with_feeling,
9,Ark,Ark,Star Party,songs_with_feeling,
10,Mortals,Mortals,Warriyo,songs_with_feeling,
11,Horizon,Dying Light (Original Game Soundtrack),Pawel Blaszczak,songs_with_feeling,
12,Supersonic,Supersonic,Rob Gasser,songs_with_feeling,
13,Feel Good,Feel Good,Syn Cole,songs_with_feeling,
14,Fearless Pt. II,NCS: The Best of 2017,Various Artists,songs_with_feeling,
15,Horizon,Dying Light (Original Game Soundtrack),Pawel Blaszczak,songs_with_feeling,
16,Mortals,Mortals,Warriyo,songs_with_feeling,
17,Fearless,Fearless,Lost Sky,songs_with_feeling,
18,Blank,Blank,Disfigure,songs_with_feeling,
19,Symbolism,Symbolism,Electro-Light,songs_with_feeling,
20,Symbolism,Symbolism,Electro-Light,songs_with_feeling,
21,Blank,Blank,Disfigure,songs_with_feeling,
22,On & On,On & On,Cartoon,songs_with_feeling,
23,On & On,On & On,Cartoon,songs_with_feeling,
24,Invincible,Invincible,Deaf Kev,songs_with_feeling,
25,Invincible,Invincible,Deaf Kev,songs_with_feeling,
26,Sky High,Sky High,Elektronomia,songs_with_feeling,
27,Nekozilla,NCS: Infinity,Various Artists,songs_with_feeling,
28,Firefly,Firefly,Jim Yosef,songs_with_feeling,
29,Hope (Original Mix),Hope,Tobu,songs_with_feeling,
0,Leave The Door Open,Leave The Door Open,Bruno Mars,songs_with_feeling,
1,Dynamite,Dynamite (DayTime Version),BTS,songs_with_feeling,
2,Levitating (feat. DaBaby),Future Nostalgia,Dua Lipa,songs_with_feeling,
3,Kiss Me More (feat. SZA),Kiss Me More (feat. SZA),Doja Cat,songs_with_feeling,
4,Perfect,÷ (Deluxe),Ed Sheeran,songs_with_feeling,
5,GIRL LIKE ME,GIRL LIKE ME,Black Eyed Peas,songs_with_feeling,
6,We Need Love - Cabu Remix,We Need Love (Cabu Remix),Cabu,songs_with_feeling,
7,Dance Monkey,Dance Monkey,Tones And I,songs_with_feeling,
8,Uptown Funk (feat. Bruno Mars),Uptown Special,Mark Ronson,songs_with_feeling,
9,Sugar,V (Deluxe),Maroon 5,songs_with_feeling,
10,Girls Like You (feat. Cardi B),Girls Like You (feat. Cardi B),Maroon 5,songs_with_feeling,
11,Ice Cream (with Selena Gomez),Ice Cream (with Selena Gomez),BLACKPINK,songs_with_feeling,
12,Useless,Useless,Two Friends,songs_with_feeling,
13,Roar,PRISM (Deluxe),Katy Perry,songs_with_feeling,
14,The Lazy Song,Doo-Wops & Hooligans,Bruno Mars,songs_with_feeling,
15,Thinking out Loud,x (Deluxe Edition),Ed Sheeran,songs_with_feeling,
16,damn i love the rain,damn i love the rain,Gabriella Zauna,songs_with_feeling,
17,Intentions (feat. Quavo),Changes,Justin Bieber,songs_with_feeling,
18,That's What I Like,24K Magic,Bruno Mars,songs_with_feeling,
19,Makes Me Feel This Way,Makes Me Feel This Way,Nairobi,songs_with_feeling,
20,Lean On (feat. MØ & DJ Snake),Peace Is The Mission : Extended,Major Lazer,songs_with_feeling,
21,Barcelona,Barcelona,Andra,songs_with_feeling,
22,Happy,Despicable Me 2 (Original Motion Picture Soundtrack),Various Artists,songs_with_feeling,
23,Hymn for the Weekend,A Head Full of Dreams,Coldplay,songs_with_feeling,
24,The Nights,Stories,Avicii,songs_with_feeling,
25,"CAN'T STOP THE FEELING! (Original Song from DreamWorks Animation's ""TROLLS"")","CAN'T STOP THE FEELING! (Original Song from DreamWorks Animation's ""TROLLS"")",Justin Timberlake,songs_with_feeling,
26,I Feel It Coming,Starboy,The Weeknd,songs_with_feeling,
27,No Lie,No Lie,Sean Paul,songs_with_feeling,
28,All of Me,Love In The Future (Expanded Edition),John Legend,songs_with_feeling,
29,Sweet Dreams - Radio Killer Remix,Sweet Dreams (Radio Killer Remix),Andra,songs_with_feeling,
30,Cheap Thrills (feat. Sean Paul),This Is Acting (Deluxe Version),Sia,songs_with_feeling,
31,Don't Start Now,Future Nostalgia,Dua Lipa,songs_with_feeling,
32,On The Floor,Love?,Jennifer Lopez,songs_with_feeling,
33,Closer,Closer,The Chainsmokers,songs_with_feeling,
34,The Real Slim Shady,The Marshall Mathers LP,Eminem,songs_with_feeling,
35,2002,2002,Anne-Marie,songs_with_feeling,
36,Sweater Weather,I Love You.,The Neighbourhood,songs_with_feeling,
37,Better,Better,Khalid,songs_with_feeling,
38,Hips Don't Lie (feat. Wyclef Jean),"Oral Fixation, Vol. 2 (Expanded Edition)",Shakira,songs_with_feeling,
39,Adventure of a Lifetime,A Head Full of Dreams,Coldplay,songs_with_feeling,
40,It's My Life,Crush,Bon Jovi,songs_with_feeling,
41,Yummy,Yummy,Justin Bieber,songs_with_feeling,
42,24K Magic,24K Magic,Bruno Mars,songs_with_feeling,
43,Physical,Future Nostalgia,Dua Lipa,songs_with_feeling,
44,Cover Me In Sunshine,Cover Me In Sunshine,P!nk,songs_with_feeling,
45,Locked out of Heaven,Unorthodox Jukebox,Bruno Mars,songs_with_feeling,
46,Stereo Hearts (feat. Adam Levine),The Papercut Chronicles II (Deluxe Edition),Gym Class Heroes,songs_with_feeling,
47,Wake Me Up,True,Avicii,songs_with_feeling,
48,Just the Way You Are,Doo-Wops & Hooligans,Bruno Mars,songs_with_feeling,
49,"I'm the One (feat. Justin Bieber, Quavo, Chance the Rapper & Lil Wayne)",Grateful,DJ Khaled,songs_with_feeling,
50,Something Just Like This,Something Just Like This,The Chainsmokers,songs_with_feeling,
51,Waiting For Love,Stories,Avicii,songs_with_feeling,
52,Eenie Meenie,Eenie Meenie,Sean Kingston,songs_with_feeling,
53,Watermelon Sugar,Fine Line,Harry Styles,songs_with_feeling,
54,Night Changes,FOUR (Deluxe),One Direction,songs_with_feeling,
55,Say So,Hot Pink,Doja Cat,songs_with_feeling,
56,Electric,Electric,Katy Perry,songs_with_feeling,
57,Higher Power,Higher Power,Coldplay,songs_with_feeling,
58,My Head & My Heart,Heaven & Hell,Ava Max,songs_with_feeling,
59,Hold On,Hold On,Justin Bieber,songs_with_feeling,
60,Follow You,Follow You / Cutthroat,Imagine Dragons,songs_with_feeling,
61,BED,BED,Joel Corry,songs_with_feeling,
62,Run,Run,OneRepublic,songs_with_feeling,
63,"34+35 Remix (feat. Doja Cat, Megan Thee Stallion) - Remix",34+35 (Remix),Ariana Grande,songs_with_feeling,
64,On The Ground,R,ROSÉ,songs_with_feeling,
65,Floating Through Space,Floating Through Space,Sia,songs_with_feeling,
66,Waves of Blue,Waves of Blue,Majid Jordan,songs_with_feeling,
67,Fireworks (feat. Moss Kena & The Knocks),Fireworks (feat. Moss Kena & The Knocks),Purple Disco Machine,songs_with_feeling,
68,Titans (feat. Sia & Labrinth),Music Is The Weapon (Reloaded),Major Lazer,songs_with_feeling,
69,Lifestyle (feat. Adam Levine),Lifestyle (feat. Adam Levine),Jason Derulo,songs_with_feeling,
70,Let’s Go Home Together,Let’s Go Home Together (Luca Schreiner Remix),Ella Henderson,songs_with_feeling,
71,Dancing On Dangerous (feat. Sofía Reyes),Dancing On Dangerous (feat. Sofía Reyes),Imanbek,songs_with_feeling,
72,Off My Face,Justice,Justin Bieber,songs_with_feeling,
73,Girl From Rio,Girl From Rio,Anitta,songs_with_feeling,
74,Treat People With Kindness,Fine Line,Harry Styles,songs_with_feeling,
75,Medicine,Medicine,James Arthur,songs_with_feeling,
76,Starstruck,Starstruck,Years & Years,songs_with_feeling,
77,Hey Boy (feat. Burna Boy),Hey Boy (feat. Burna Boy),Sia,songs_with_feeling,
78,Deserve You,Justice,Justin Bieber,songs_with_feeling,
79,Higher (feat. iann dior),Higher (feat. iann dior),Clean Bandit,songs_with_feeling,
0,Heathens,Heathens,Twenty One Pilots,songs_with_feeling,
1,Attention,Voicenotes,Charlie Puth,songs_with_feeling,
2,There's Nothing Holdin' Me Back,Illuminate (Deluxe),Shawn Mendes,songs_with_feeling,
3,Believer,Evolve,Imagine Dragons,songs_with_feeling,
4,Galway Girl,÷ (Deluxe),Ed Sheeran,songs_with_feeling,
5,Faded,Different World,Alan Walker,songs_with_feeling,
6,Symphony (feat. Zara Larsson),What Is Love? (Deluxe Edition),Clean Bandit,songs_with_feeling,
7,Fight Song,Wildfire,Rachel Platten,songs_with_feeling,
8,Rockabye (feat. Sean Paul & Anne-Marie),What Is Love? (Deluxe Edition),Clean Bandit,songs_with_feeling,
9,Shape of You,÷ (Deluxe),Ed Sheeran,songs_with_feeling,
10,Something Just Like This,Memories...Do Not Open,The Chainsmokers,songs_with_feeling,
11,Treat You Better,Illuminate (Deluxe),Shawn Mendes,songs_with_feeling,
12,Thunder,Evolve,Imagine Dragons,songs_with_feeling,
13,Havana (feat. Young Thug),Camila,Camila Cabello,songs_with_feeling,
14,Let Me Love You,Encore,DJ Snake,songs_with_feeling,
15,Mama,Blue,Jonas Blue,songs_with_feeling,
16,Alone,Different World,Alan Walker,songs_with_feeling,
17,That's What I Like,24K Magic,Bruno Mars,songs_with_feeling,
18,In the Name of Love,In the Name of Love,Martin Garrix,songs_with_feeling,
19,Wolves,Wolves,Selena Gomez,songs_with_feeling,
20,Mercy,Illuminate (Deluxe),Shawn Mendes,songs_with_feeling,
21,How Long,Voicenotes,Charlie Puth,songs_with_feeling,
22,Paris,Memories...Do Not Open,The Chainsmokers,songs_with_feeling,
23,"Feels (feat. Pharrell Williams, Katy Perry & Big Sean)",Funk Wav Bounces Vol.1,Calvin Harris,songs_with_feeling,
24,Perfect,÷ (Deluxe),Ed Sheeran,songs_with_feeling,
25,24K Magic,24K Magic,Bruno Mars,songs_with_feeling,
26,Friends (with BloodPop®),Friends (with BloodPop®),Justin Bieber,songs_with_feeling,
27,Look What You Made Me Do,reputation,Taylor Swift,songs_with_feeling,
28,Sorry Not Sorry,Tell Me You Love Me (Deluxe),Demi Lovato,songs_with_feeling,
29,Starboy,Starboy,The Weeknd,songs_with_feeling,
30,Perfect Strangers,Blue,Jonas Blue,songs_with_feeling,
31,Issues,Nervous System,Julia Michaels,songs_with_feeling,
32,My Way,My Way,Calvin Harris,songs_with_feeling,
33,Ride,Blurryface,Twenty One Pilots,songs_with_feeling,
34,More Than You Know,More Than You Know,Axwell /\ Ingrosso,songs_with_feeling,
35,What About Us,Beautiful Trauma,P!nk,songs_with_feeling,
36,Slow Hands,Flicker (Deluxe),Niall Horan,songs_with_feeling,
37,Your Song,Phoenix (Deluxe Edition),Rita Ora,songs_with_feeling,
38,Crying in the Club,Crying in the Club,Camila Cabello,songs_with_feeling,
39,Fetish (feat. Gucci Mane),Fetish (feat. Gucci Mane),Selena Gomez,songs_with_feeling,
40,Pretty Girl - Cheat Codes X CADE Remix,Pretty Girl (Cheat Codes X CADE Remix),Maggie Lindemann,songs_with_feeling,
41,...Ready For It?,reputation,Taylor Swift,songs_with_feeling,
42,Castle on the Hill,÷ (Deluxe),Ed Sheeran,songs_with_feeling,
43,Most Girls,Most Girls,Hailee Steinfeld,songs_with_feeling,
44,Silence,Silence,Marshmello,songs_with_feeling,
45,The Cure,The Cure,Lady Gaga,songs_with_feeling,
46,Glorious (feat. Skylar Grey),GEMINI,Macklemore,songs_with_feeling,
47,I Like Me Better,I met you when I was 18. (the playlist),Lauv,songs_with_feeling,
48,I Feel It Coming,Starboy,The Weeknd,songs_with_feeling,
49,Bon appétit,Witness (Deluxe),Katy Perry,songs_with_feeling,
50,"Let Me Go (with Alesso, Florida Georgia Line & watt)","Let Me Go (with Alesso, Florida Georgia Line & watt)",Hailee Steinfeld,songs_with_feeling,
51,Now Or Never,hopeless fountain kingdom (Deluxe),Halsey,songs_with_feeling,
52,1-800-273-8255,Everybody,Logic,songs_with_feeling,
53,Instruction,Tell Me You Love Me (Deluxe),Demi Lovato,songs_with_feeling,
54,OMG (feat. Quavo),OMG (feat. Quavo),Camila Cabello,songs_with_feeling,
55,Unforgettable,Jungle Rules,French Montana,songs_with_feeling,
56,Feel It Still,Woodstock,Portugal. The Man,songs_with_feeling,
57,Too Much To Ask,Flicker (Deluxe),Niall Horan,songs_with_feeling,
58,Green Light,Melodrama,Lorde,songs_with_feeling,
59,Gorgeous,reputation,Taylor Swift,songs_with_feeling,
60,Why,Why,Sabrina Carpenter,songs_with_feeling,
61,Young Dumb & Broke,American Teen,Khalid,songs_with_feeling,
62,Tell Me You Love Me,Tell Me You Love Me (Deluxe),Demi Lovato,songs_with_feeling,
63,No More Sad Songs (feat. Machine Gun Kelly),Glory Days: The Platinum Edition,Little Mix,songs_with_feeling,
64,Bad At Love,hopeless fountain kingdom (Deluxe),Halsey,songs_with_feeling,
65,Love So Soft,Meaning of Life,Kelly Clarkson,songs_with_feeling,
66,Perfect Places,Melodrama,Lorde,songs_with_feeling,
67,Good Old Days (feat. Kesha),GEMINI,Macklemore,songs_with_feeling,
68,I Got You,Expectations,Bebe Rexha,songs_with_feeling,
69,Slide (feat. Frank Ocean & Migos),Funk Wav Bounces Vol.1,Calvin Harris,songs_with_feeling,
70,Good Life (with G-Eazy & Kehlani),The Fate of the Furious: The Album,Various Artists,songs_with_feeling,
71,Meant to Be (feat. Florida Georgia Line),Expectations,Bebe Rexha,songs_with_feeling,
72,Homemade Dynamite - REMIX,Melodrama,Lorde,songs_with_feeling,
73,Never Be the Same - Radio Edit,Camila,Camila Cabello,songs_with_feeling,
74,I Miss You (feat. Julia Michaels),What Is Love? (Deluxe Edition),Clean Bandit,songs_with_feeling,
75,Beautiful Trauma,Beautiful Trauma,P!nk,songs_with_feeling,
76,Let You Down,Perception,NF,songs_with_feeling,
77,rockstar (feat. 21 Savage),beerbongs & bentleys,Post Malone,songs_with_feeling,
78,Him & I (with Halsey),The Beautiful & Damned,G-Eazy,songs_with_feeling,
79,All Falls Down (feat. Juliander),Different World,Alan Walker,songs_with_feeling,
80,Whatever It Takes,Evolve,Imagine Dragons,songs_with_feeling,
81,At My Best (feat. Hailee Steinfeld),bloom,Machine Gun Kelly,songs_with_feeling,
82,Miss You,Miss You,Louis Tomlinson,songs_with_feeling,
83,Thumbs,EVOLution,Sabrina Carpenter,songs_with_feeling,
84,Reminding Me,My Side of Your Story,Shawn Hook,songs_with_feeling,
85,Finesse - Remix; feat. Cardi B,Finesse (Remix) [feat. Cardi B],Bruno Mars,songs_with_feeling,
86,On The Loose,Flicker (Deluxe),Niall Horan,songs_with_feeling,
87,Phases,Phases,ALMA,songs_with_feeling,
88,Obsessed,Obsessed,Maggie Lindemann,songs_with_feeling,
89,Just Hold On,Neon Future III,Steve Aoki,songs_with_feeling,
90,Broken Glass,Waves,Rachel Platten,songs_with_feeling,
91,Let Me,Icarus Falls,ZAYN,songs_with_feeling,
92,Whatever You Want,Beautiful Trauma,P!nk,songs_with_feeling,
93,Faking It (feat. Kehlani & Lil Yachty) - Radio Edit,Faking It (feat. Kehlani & Lil Yachty) [Radio Edit],Calvin Harris,songs_with_feeling,
94,The Middle,The Middle,Zedd,songs_with_feeling,
95,Complicated (feat. Kiiara),Complicated (feat. Kiiara),Dimitri Vegas & Like Mike,songs_with_feeling,
96,Want You Back,Youngblood (Deluxe),5 Seconds of Summer,songs_with_feeling,
97,One Foot,What If Nothing,WALK THE MOON,songs_with_feeling,
98,FRIENDS,Speak Your Mind (Deluxe),Anne-Marie,songs_with_feeling,
99,Heat,Meaning of Life,Kelly Clarkson,songs_with_feeling,
0,Get You The Moon (feat. Snøw),Get You The Moon (feat. Snøw),Kina,songs_with_feeling,
1,Jocelyn Flores,17,XXXTENTACION,songs_with_feeling,
2,Someone You Loved,Divinely Uninspired To A Hellish Extent,Lewis Capaldi,songs_with_feeling,
3,how to live,how to live,yaeow,songs_with_feeling,
4,It's You,YOU,Ali Gatie,songs_with_feeling,
5,Loosing Interest,Passion & Confusion,Timmies,songs_with_feeling,
6,Tell Me Goodbye,Tell Me Goodbye,ORYL,songs_with_feeling,
7,Dead and Cold,Dead and Cold,ELIJAH MOON,songs_with_feeling,
8,Heather,Kid Krow,Conan Gray,songs_with_feeling,
9,Reckless,Reckless,Madison Beer,songs_with_feeling,
10,paradise,paradise,cliffe,songs_with_feeling,
11,Me Too,Me Too,April Jai,songs_with_feeling,
12,Six Feet Under,Six Feet Under,Billie Eilish,songs_with_feeling,
13,Circles,Hollywood's Bleeding,Post Malone,songs_with_feeling,
14,All Alone,All Alone,Sølace,songs_with_feeling,
15,Nobody Knows My Name,Nobody Knows My Name,DANIEL,songs_with_feeling,
16,Everybody Dies In Their Nightmares,17,XXXTENTACION,songs_with_feeling,
17,More to the Story,More to the Story,Kristina Nichol,songs_with_feeling,
18,talk with me (about it),talk with me (about it),Brvno,songs_with_feeling,
19,Heartbreak Anniversary,TAKE TIME,Giveon,songs_with_feeling,
20,i haven't let go,i haven't let go,RNAQ,songs_with_feeling,
21,idfc,deadroses,blackbear,songs_with_feeling,
22,Till Forever Falls Apart,Till Forever Falls Apart,Ashe,songs_with_feeling,
23,I Need You,I Need You,ORYL,songs_with_feeling,
24,Someone Like You,21,Adele,songs_with_feeling,
25,Train Wreck,Back from the Edge,James Arthur,songs_with_feeling,
26,When I'm Gone,When I'm Gone,Wikw,songs_with_feeling,
27,Goodbye,Goodbye,Rachel Lorin,songs_with_feeling,
28,bad ones,TOO YOUNG TO BE SAD,Tate McRae,songs_with_feeling,
29,Helluvaride,Helluvaride,Oceans Ahead,songs_with_feeling,
30,Arcade,Small Town Boy (Track By Track),Duncan Laurence,songs_with_feeling,
31,Therapy,Therapy,Tasty,songs_with_feeling,
32,r u ok,TOO YOUNG TO BE SAD,Tate McRae,songs_with_feeling,
33,Goddess Kinda Power - Acoustic Version,Goddess Kinda Power (Acoustic Version),Josefine,songs_with_feeling,
34,Horrors in the Dark,Horrors in the Dark,Sofi Gev,songs_with_feeling,
35,Like the Weather,Like the Weather,Hand Made House,songs_with_feeling,
36,Happier,÷ (Deluxe),Ed Sheeran,songs_with_feeling,
37,Get to Me,Get to Me,Emma Charles,songs_with_feeling,
38,Skin,Skin,Sabrina Carpenter,songs_with_feeling,
39,Self Destructive,Self Destructive,Julia Rizik,songs_with_feeling,
40,On The Low,On The Low,Wovy,songs_with_feeling,
41,7 Years,Lukas Graham,Lukas Graham,songs_with_feeling,
42,Oxygen,Welcome To Jupiter 1.0,Grace Gaustad,songs_with_feeling,
43,slower,slower,Tate McRae,songs_with_feeling,
44,What I Need,What I Need,ORYL,songs_with_feeling,
45,drivers license,drivers license,Olivia Rodrigo,songs_with_feeling,
46,Lonely (with benny blanco),Lonely (with benny blanco),Justin Bieber,songs_with_feeling,
47,Half A Man,A Place We Knew,Dean Lewis,songs_with_feeling,
48,1-800-273-8255,Everybody,Logic,songs_with_feeling,
49,Amen,Amen,John Adams,songs_with_feeling,
50,Let It Go,Chaos And The Calm,James Bay,songs_with_feeling,
51,lovely (with Khalid),lovely (with Khalid),Billie Eilish,songs_with_feeling,
52,changes,?,XXXTENTACION,songs_with_feeling,
53,"i hate u, i love u (feat. olivia o'brien)",us,gnash,songs_with_feeling,
54,Bruises,Divinely Uninspired To A Hellish Extent,Lewis Capaldi,songs_with_feeling,
55,when the party's over,"WHEN WE ALL FALL ASLEEP, WHERE DO WE GO?",Billie Eilish,songs_with_feeling,
56,Too Late For Sorries,Too Late For Sorries,Wovy,songs_with_feeling,
57,Dancing With A Stranger (With Normani) - Acoustic,Dancing With A Stranger (With Normani) [Acoustic],Sam Smith,songs_with_feeling,
58,You Belong To Somebody Else,You Belong To Somebody Else,PJ Harding,songs_with_feeling,
59,Lost Without You,Lost Without You,Freya Ridings,songs_with_feeling,
60,Sweater Weather,Sweater Weather,ORYL,songs_with_feeling,
61,Dead End,Dead End,Jan Metternich,songs_with_feeling,
62,Be Alright,A Place We Knew,Dean Lewis,songs_with_feeling,
63,Can We Kiss Forever?,Can We Kiss Forever?,Kina,songs_with_feeling,
64,Circles,Start as You Mean to Go On,Iann Brennan,songs_with_feeling,
65,Say Something,Is There Anybody Out There?,A Great Big World,songs_with_feeling,
66,If The World Was Ending,If The World Was Ending,JP Saxe,songs_with_feeling,
67,my future,my future,Billie Eilish,songs_with_feeling,
68,Nude,In Rainbows,Radiohead,songs_with_feeling,
69,At My Worst,The Prelude,Pink Sweat$,songs_with_feeling,
70,Fix You,X&Y,Coldplay,songs_with_feeling,
71,ANXIOUS,ANXIOUS,Josh A,songs_with_feeling,
72,XO,i think you think too much of me,EDEN,songs_with_feeling,
73,Coaster,American Teen,Khalid,songs_with_feeling,
74,Not About Angels,Not About Angels,Birdy,songs_with_feeling,
75,Let Her Go,All The Little Lights,Passenger,songs_with_feeling,
76,Save Your Tears,After Hours,The Weeknd,songs_with_feeling,
77,Breathe Me,Colour The Small One,Sia,songs_with_feeling,
78,Broken,Broken,Lund,songs_with_feeling,
79,Hold Me While You Wait,Divinely Uninspired To A Hellish Extent,Lewis Capaldi,songs_with_feeling,
80,Let You Down,Perception,NF,songs_with_feeling,
81,Coaster,Coaster,Khalid,songs_with_feeling,
82,Say You Won't Let Go,Back from the Edge,James Arthur,songs_with_feeling,
83,Let Her Go - Acoustic,All The Little Lights,Passenger,songs_with_feeling,
84,Moonlight,YOU,Ali Gatie,songs_with_feeling,
85,Stay,Unapologetic (Deluxe),Rihanna,songs_with_feeling,
86,You're Beautiful,Back to Bedlam,James Blunt,songs_with_feeling,
87,Chicago Freestyle (feat. Giveon),Dark Lane Demo Tapes,Drake,songs_with_feeling,
88,Breakeven,The Script,The Script,songs_with_feeling,
89,Yellow,Parachutes,Coldplay,songs_with_feeling,
90,Feel,Escapology,Robbie Williams,songs_with_feeling,
91,How to Save a Life,How To Save A Life,The Fray,songs_with_feeling,
92,you broke me first,you broke me first,Tate McRae,songs_with_feeling,
93,Bigger Than Me,The Show Is Over,Baker Grace,songs_with_feeling,
94,No Surprises,OK Computer,Radiohead,songs_with_feeling,
95,Heart of Gold - 2009 Remaster,Harvest (2009 Remaster),Neil Young,songs_with_feeling,
96,All of Me,Love In The Future (Expanded Edition),John Legend,songs_with_feeling,
97,you were good to me (bonus track),love is not dying,Jeremy Zucker,songs_with_feeling,
98,the remedy for a broken heart (why am I so in love),?,XXXTENTACION,songs_with_feeling,
99,Lie,Perception,NF,songs_with_feeling,
0,good 4 u,SOUR,Olivia Rodrigo,songs_with_feeling,
1,Todo De Ti,Todo De Ti,Rauw Alejandro,songs_with_feeling,
2,MONTERO (Call Me By Your Name),MONTERO (Call Me By Your Name),Lil Nas X,songs_with_feeling,
3,Yonaguni,Yonaguni,Bad Bunny,songs_with_feeling,
4,Kiss Me More (feat. SZA),Kiss Me More (feat. SZA),Doja Cat,songs_with_feeling,
5,Beggin',Chosen,Måneskin,songs_with_feeling,
6,deja vu,SOUR,Olivia Rodrigo,songs_with_feeling,
7,Butter,"Butter (Hotter, Sweeter, Cooler)",BTS,songs_with_feeling,
8,Levitating (feat. DaBaby),Future Nostalgia,Dua Lipa,songs_with_feeling,
9,Peaches (feat. Daniel Caesar & Giveon),Justice,Justin Bieber,songs_with_feeling,
10,I WANNA BE YOUR SLAVE,Teatro d'ira - Vol. I,Måneskin,songs_with_feeling,
11,traitor,SOUR,Olivia Rodrigo,songs_with_feeling,
12,Qué Más Pues?,Qué Más Pues?,J Balvin,songs_with_feeling,
13,happier,SOUR,Olivia Rodrigo,songs_with_feeling,
14,Save Your Tears (with Ariana Grande) (Remix),Save Your Tears (Remix),The Weeknd,songs_with_feeling,
15,drivers license,SOUR,Olivia Rodrigo,songs_with_feeling,
16,Astronaut In The Ocean,Astronaut In The Ocean (International Remixes),Masked Wolf,songs_with_feeling,
17,Leave The Door Open,Leave The Door Open,Bruno Mars,songs_with_feeling,
18,favorite crime,SOUR,Olivia Rodrigo,songs_with_feeling,
19,RAPSTAR,Hall of Fame,Polo G,songs_with_feeling,
20,Pareja Del Año,Pareja Del Año,Sebastian Yatra,songs_with_feeling,
21,Build a Bitch,Build a Bitch,Bella Poarch,songs_with_feeling,
22,Blinding Lights,After Hours,The Weeknd,songs_with_feeling,
23,Friday (feat. Mufasa & Hypeman) - Dopamine Re-Edit,Friday (feat. Mufasa & Hypeman) [Dopamine Re-Edit],Riton,songs_with_feeling,
24,ZITTI E BUONI,Teatro d'ira - Vol. I,Måneskin,songs_with_feeling,
25,brutal,SOUR,Olivia Rodrigo,songs_with_feeling,
26,"jealousy, jealousy",SOUR,Olivia Rodrigo,songs_with_feeling,
27,AM,AM,Nio Garcia,songs_with_feeling,
28,Dynamite,BE,BTS,songs_with_feeling,
29,DÁKITI,EL ÚLTIMO TOUR DEL MUNDO,Bad Bunny,songs_with_feeling,
30,Dinero,Dinero,Trinidad Cardona,songs_with_feeling,
31,Watermelon Sugar,Fine Line,Harry Styles,songs_with_feeling,
32,Fiel - Remix,Fiel (Remix),Wisin,songs_with_feeling,
33,Heat Waves,Dreamland (+ Bonus Levels),Glass Animals,songs_with_feeling,
34,Beautiful Mistakes (feat. Megan Thee Stallion),JORDI (Deluxe),Maroon 5,songs_with_feeling,
35,Heartbreak Anniversary,TAKE TIME,Giveon,songs_with_feeling,
36,Fiel,Los Legendarios 001,Los Legendarios,songs_with_feeling,
37,2/Catorce,2/Catorce,Rauw Alejandro,songs_with_feeling,
38,The Business,The Business,Tiësto,songs_with_feeling,
39,telepatía,Sin Miedo (del Amor y Otros Demonios) ∞,Kali Uchis,songs_with_feeling,
40,Mood (feat. iann dior),El Dorado,24kGoldn,songs_with_feeling,
41,Save Your Tears,After Hours,The Weeknd,songs_with_feeling,
42,Rasputin,Rasputin,Majestic,songs_with_feeling,
43,Your Love (9PM),Your Love (9PM),ATB,songs_with_feeling,
44,Wants and Needs (feat. Lil Baby),Scary Hours 2,Drake,songs_with_feeling,
45,enough for you,SOUR,Olivia Rodrigo,songs_with_feeling,
46,Botella Tras Botella,Botella Tras Botella,Gera MX,songs_with_feeling,
47,EL MAKINON,KG0516,KAROL G,songs_with_feeling,
48,Lost Cause,Lost Cause,Billie Eilish,songs_with_feeling,
49,Miénteme,Miénteme,TINI,songs_with_feeling,
0,good 4 u,SOUR,Olivia Rodrigo,surprised,
1,Todo De Ti,Todo De Ti,Rauw Alejandro,surprised,
2,MONTERO (Call Me By Your Name),MONTERO (Call Me By Your Name),Lil Nas X,surprised,
3,Yonaguni,Yonaguni,Bad Bunny,surprised,
4,Kiss Me More (feat. SZA),Kiss Me More (feat. SZA),Doja Cat,surprised,
5,Beggin',Chosen,Måneskin,surprised,
6,deja vu,SOUR,Olivia Rodrigo,surprised,
7,Butter,"Butter (Hotter, Sweeter, Cooler)",BTS,surprised,
8,Levitating (feat. DaBaby),Future Nostalgia,Dua Lipa,surprised,
9,Peaches (feat. Daniel Caesar & Giveon),Justice,Justin Bieber,surprised,
10,I WANNA BE YOUR SLAVE,Teatro d'ira - Vol. I,Måneskin,surprised,
11,traitor,SOUR,Olivia Rodrigo,surprised,
12,Qué Más Pues?,Qué Más Pues?,J Balvin,surprised,
13,happier,SOUR,Olivia Rodrigo,surprised,
14,Save Your Tears (with Ariana Grande) (Remix),Save Your Tears (Remix),The Weeknd,surprised,
15,drivers license,SOUR,Olivia Rodrigo,surprised,
16,Astronaut In The Ocean,Astronaut In The Ocean (International Remixes),Masked Wolf,surprised,
17,Leave The Door Open,Leave The Door Open,Bruno Mars,surprised,
18,favorite crime,SOUR,Olivia Rodrigo,surprised,
19,RAPSTAR,Hall of Fame,Polo G,surprised,
20,Pareja Del Año,Pareja Del Año,Sebastian Yatra,surprised,
21,Build a Bitch,Build a Bitch,Bella Poarch,surprised,
22,Blinding Lights,After Hours,The Weeknd,surprised,
23,Friday (feat. Mufasa & Hypeman) - Dopamine Re-Edit,Friday (feat. Mufasa & Hypeman) [Dopamine Re-Edit],Riton,surprised,
24,ZITTI E BUONI,Teatro d'ira - Vol. I,Måneskin,surprised,
25,brutal,SOUR,Olivia Rodrigo,surprised,
26,"jealousy, jealousy",SOUR,Olivia Rodrigo,surprised,
27,AM,AM,Nio Garcia,surprised,
28,Dynamite,BE,BTS,surprised,
29,DÁKITI,EL ÚLTIMO TOUR DEL MUNDO,Bad Bunny,surprised,
30,Dinero,Dinero,Trinidad Cardona,surprised,
31,Watermelon Sugar,Fine Line,Harry Styles,surprised,
32,Fiel - Remix,Fiel (Remix),Wisin,surprised,
33,Heat Waves,Dreamland (+ Bonus Levels),Glass Animals,surprised,
34,Beautiful Mistakes (feat. Megan Thee Stallion),JORDI (Deluxe),Maroon 5,surprised,
35,Heartbreak Anniversary,TAKE TIME,Giveon,surprised,
36,Fiel,Los Legendarios 001,Los Legendarios,surprised,
37,2/Catorce,2/Catorce,Rauw Alejandro,surprised,
38,The Business,The Business,Tiësto,surprised,
39,telepatía,Sin Miedo (del Amor y Otros Demonios) ∞,Kali Uchis,surprised,
40,Mood (feat. iann dior),El Dorado,24kGoldn,surprised,
41,Save Your Tears,After Hours,The Weeknd,surprised,
42,Rasputin,Rasputin,Majestic,surprised,
43,Your Love (9PM),Your Love (9PM),ATB,surprised,
44,Wants and Needs (feat. Lil Baby),Scary Hours 2,Drake,surprised,
45,enough for you,SOUR,Olivia Rodrigo,surprised,
46,Botella Tras Botella,Botella Tras Botella,Gera MX,surprised,
47,EL MAKINON,KG0516,KAROL G,surprised,
48,Lost Cause,Lost Cause,Billie Eilish,surprised,
49,Miénteme,Miénteme,TINI,surprised,
